,Estimated Coefficient,Weights
0,14.652255104198842,1.6493682427978757e-07
1,14.652255104198842,-0.00449539428047014
2,14.652255104198842,-0.05953131062784507
3,14.652255104198842,-0.00047107836464430503
4,14.652255104198842,0.00031768563990760765
